x1,x2,y
-2.7944722983075785,-0.03910438326439003,-1.0
0.18628493789408118,-1.381271461184078,1.0
-2.1231003500424417,2.0397270908927005,-1.0
-0.26929348975075423,0.889149278946993,-1.0
0.34242257607998683,0.24201662264362822,1.0
-0.12934380114080415,-0.4970650533502303,1.0
-0.6824509341999805,-0.6920524153779559,-1.0
-0.7612942447601239,1.003645154973778,-1.0
0.7669987624804099,1.2731051070621544,1.0
1.5880678855942618,1.112644172239928,-1.0
0.6132749910565054,-1.1564461381648061,1.0
-0.824500574753621,2.4286638344392983,-1.0
-0.3530801384877145,0.8698089140811711,1.0
0.6202773561176965,-1.2593416342927068,1.0
-0.14929094174744556,2.986763037169162,-1.0
-0.5484183427711675,0.06538294643649478,1.0
0.12938552377648257,-0.26254374278381976,-1.0
0.31427199450686705,-0.32626545994045597,-1.0
0.9341006204079838,-0.6934601046864228,1.0
0.12422749795973094,0.18233164675398528,1.0
-0.5105651342140736,-0.71837392189332,1.0
1.1746002379573404,1.3008464022065809,-1.0
0.2963586560529044,1.5653965640388057,-1.0
-2.7881128830850024,-0.5872064267876305,-1.0
0.18725757600835297,-1.3266517021675273,1.0
0.1626654104885733,-1.7251734497952682,1.0
0.5069764843202665,-1.2930957010870336,1.0
0.6008825086920193,-0.13164092675115247,-1.0
1.042335368440993,-1.1049284295789623,-1.0
-1.30578586634164,0.117171012277963,-1.0
-0.8176682995787476,-0.34635756073724,-1.0
-1.0196550709218393,1.167942295401668,-1.0
0.1314892563946184,-2.156708888623722,1.0
-0.300232397105865,-1.6322607782348555,1.0
1.1759107718346071,1.6800715328674296,-1.0
-1.1640118783694828,-0.08699546591811969,1.0
0.6241344547945086,-0.6179213803398682,1.0
0.9558323551671646,0.1223864133723448,-1.0
0.8344989339590665,-1.9433839363906804,1.0
-0.7174858373072273,0.027443676432534425,-1.0
0.7610891425383822,-0.556669587015167,1.0
-0.40524815529942676,-1.4694288250633667,1.0
-1.0886498809361485,0.017612804731995446,1.0
-0.2556193705305969,-1.7985891054607244,-1.0
-0.6920526017208553,1.1349701099902942,-1.0
0.43587577054744,0.6810430109004042,-1.0
0.38287023902686523,1.3254636281821306,-1.0
-0.13124031933566202,-0.7271750579347351,1.0
-0.6925831159713568,0.9425338729991699,-1.0
-2.0523984049766058,1.6005710943105074,-1.0
0.3426379813692278,0.8735624362903657,-1.0
-1.3290788291721605,1.278033712022871,-1.0
0.5281419733529799,-0.014166754415453786,1.0
-0.2915067125653651,1.245379407259692,-1.0
0.1771923291989879,0.9700319929524578,-1.0
-1.118298878458158,-1.0314131531864625,1.0
1.465456001240402,-1.4648992255753022,1.0
1.1502055425466322,-0.26735204901022747,-1.0
1.4956441370334692,2.0693926697057368,-1.0
0.5129828495987242,0.9730774094317276,-1.0
-1.55357817552007,-0.5913744391593901,1.0
-2.2364173503246474,-0.09427341917598975,-1.0
1.613381535261024,1.3809214337722264,-1.0
-0.12174149525709202,-0.7628977344010746,-1.0
0.6001752363295938,2.984582398458566,-1.0
1.2075302658503617,-0.12367369576867904,1.0
-0.31475814671745994,-0.08590240112686653,-1.0
1.648817861485808,2.715468592169991,-1.0
0.9929921700512451,-2.0922003464320973,1.0
-0.16787722654627948,2.308518452326017,-1.0
2.200702099217128,1.6882969302220885,-1.0
0.1390333039176673,-0.9744234532440592,1.0
-0.9763501750055934,-1.5319965852547925,1.0
0.045490080631097156,0.7669079390155865,-1.0
-0.00031071713115009796,-2.18180940877075,1.0
-0.12368873285569916,1.8881945413408756,-1.0
-1.1165648342354797,0.45074641127193715,-1.0
-0.06148367873520642,-2.4951086693398006,1.0
0.9980530619517543,-3.233905252294292,1.0
0.9071051958003012,-0.42868070022596894,-1.0
-0.7324488811117759,2.2568208318483642,-1.0
0.9864740187009399,1.9938067071364096,-1.0
0.4522652134748237,-0.7599970477145572,1.0
-1.4914786749108953,-0.813374280439414,1.0
-0.2243127859709009,1.4818742570187151,-1.0
1.9677690893906574,-3.092101770254218,1.0
-0.17958850097910234,0.8365641693438374,-1.0
-1.4397357076793509,-1.0420073185712353,1.0
-3.5874938312144575,0.14886947511129534,1.0
0.4138630815357569,1.047341880907133,-1.0
0.38226483289201113,-1.4048969744139055,1.0
1.954733563155294,-1.2396699472941186,1.0
-1.1199225138336157,-1.3592967158985036,1.0
-1.2597717127599937,-1.0194587563733224,1.0
0.17827421709765698,0.5259989168626682,1.0
0.5538561660032112,0.4693254402263759,-1.0
1.3400987035364347,-0.5692561273944634,-1.0
0.28297849805199204,-0.506294713918092,-1.0
1.8758005467136352,1.415694539892434,-1.0
0.5335108183398289,0.5843806238442493,-1.0
-1.2056069481346936,-2.0206684998064626,1.0
1.1456842134012242,-0.6731952803250347,1.0
-0.18142746302677085,-0.7671308676604555,1.0
0.23980970342870894,-1.8682396878669727,1.0
1.5575737161261245,0.6424983415632208,1.0
-1.9421495432511602,2.4187292755100627,-1.0
-0.5496980692087847,0.8120960612232271,-1.0
0.21033753013380974,-1.4433774896480074,1.0
0.26127255313537523,-1.1284517543334427,1.0
1.1891504847221441,0.39306624058299255,1.0
-0.5489550961957409,2.805970109932475,-1.0
-0.7757700204102219,2.1780570039599603,-1.0
-1.3709484700946077,0.667524724648586,-1.0
-0.3834163111157828,2.8483799508834453,-1.0
0.37152468179976716,0.8413947930415007,-1.0
-1.701496094747692,0.7614349817963938,-1.0
-1.040162880979482,2.719034681084503,-1.0
1.4332401305797497,0.310228934807935,1.0
0.021456224044905343,0.8393483841259441,1.0
1.8156520639191072,0.7472496993002397,-1.0
-1.465116222054951,1.3634455621350288,-1.0
-0.928937720957575,-1.7301108597884869,1.0
0.3073842186274145,0.3887746596951751,-1.0
0.6420546892718314,-0.977887931520449,-1.0
-0.5301715091727704,-1.1470187361440427,1.0
0.6656534379123312,0.10157705939040984,-1.0
0.8877660685734637,-0.1742703028253445,-1.0
0.5195233607499855,-0.3722559036641765,1.0
1.0681603873290815,1.3432579809775662,-1.0
-0.1793956127561702,-1.4178887254189108,1.0
-0.8112698336357715,-0.8685787075496851,1.0
-0.14401334748029268,2.3166055958635523,-1.0
-0.5299888642145143,-1.4430757858793148,-1.0
-0.8391127050236458,-0.8075512386155064,1.0
1.052401068873978,0.851594612440129,-1.0
-0.20234721995776053,-1.4579294102836995,1.0
-0.20275274943287133,-0.22795407266149537,1.0
-0.21668679803272145,-0.619655210355645,1.0
-0.45356917618752884,1.9992528030472034,-1.0
0.26037465852430103,-2.0355284174209505,1.0
-0.3244872415189078,0.8329997256428404,-1.0
-0.025060144581597745,0.26373606573032826,-1.0
1.8381901467597117,-1.941819333448146,1.0
-0.39862392473390046,1.1104531092905654,-1.0
-0.6081752604310665,-1.3450417314284375,1.0
0.12074736309713868,1.7482156171872303,-1.0
-0.09520253925800948,1.2786835167270545,-1.0
0.36120305977167483,2.083198802688199,-1.0
0.3546552764309387,0.7212157981393923,1.0
-0.15438400593240165,-2.2875951767798526,1.0
-2.25153498598787,0.4110294535293212,-1.0
-1.019562126529009,-1.1074178985698737,1.0
1.1224996962225864,-0.3480866997291756,1.0
0.4675504736350222,-1.2845533754008733,1.0
-0.09639112902647187,-2.942132165918247,1.0
0.4727748574495346,1.6501549009670022,-1.0
-1.2354186458203336,-0.22199026981499992,1.0
-0.11951878043007562,1.9769215645749827,-1.0
-2.8408473558032754,-1.1560834517416971,1.0
1.930850867048302,0.5941566248886432,-1.0
-0.7540081940732426,-0.45960765466076825,1.0
1.1580688744398528,0.3172352801626287,-1.0
0.847926812910694,0.38223083885521736,1.0
-0.17359179552562834,0.1903544390528793,1.0
-0.3461671480021981,-0.09263532450673218,-1.0
-0.7738059051086779,-1.373745027711103,1.0
0.08041409355266435,-1.3257916091508248,1.0
-0.7696624643237536,-0.7463233494548254,1.0
-0.0852053922937219,-2.092689274977414,1.0
1.11340167803588,1.1429900281671612,-1.0
0.029642925120495236,3.958625445893176,-1.0
0.2659991671788799,-1.7141025963729193,1.0
1.1754019142954315,-1.2126496707139434,1.0
-1.653697838967641,2.2533359468559953,-1.0
0.8907063912931708,2.7548861819811092,-1.0
0.6523052791547445,-0.9127876627316458,1.0
-0.9902746893194819,0.46555279195830257,-1.0
0.09415288552221196,0.7664960068699,-1.0
-0.9000085698091608,0.06899799612527635,-1.0
1.7279880112814927,-1.931595625453288,1.0
-0.3789660585789339,-0.3177629831971379,1.0
0.5513022180697554,1.4195891451980618,-1.0
-0.9689447546225224,-0.39895290674944617,1.0
-0.44951467081969376,-1.8899110568829336,1.0
1.0726297462337824,0.17671483538550903,-1.0
1.2597365428716338,-1.1646622221766183,1.0
0.1877893997499208,0.4821634567083819,1.0
-0.008902825012302579,1.5777939542243806,-1.0
0.37940061207813613,0.6208235654274479,-1.0
0.02811176626622418,-2.08229436218015,1.0
-0.9642000347123947,-2.320814314171648,1.0
-0.013603885675351006,1.68620068605291,-1.0
1.1406562429474632,0.2118344411123404,-1.0
-0.008256514667853591,0.20066084580286725,-1.0
0.2510750190895232,-2.0788969126896966,1.0
-0.39230919212908744,-0.8306663621778045,-1.0
0.07922701409061239,0.7256034264776474,-1.0
0.16005979279648896,-1.1780126143245235,1.0
0.786903221911645,-0.7269268118873075,1.0
2.2506760310308676,0.4290419131425701,-1.0
0.15974869505592115,-0.660475070762957,-1.0
-1.7737713532563517,0.5924874076085311,-1.0
0.9874284497575734,-0.7225511981178574,1.0
0.47489832293698464,-2.86849981325055,1.0
-0.2877843635611198,0.011615943392980554,1.0
0.9736443797991589,1.9979573856771604,-1.0
-0.21541048915385103,-0.8140214112444113,1.0
-2.9302228443679765,0.035262562912748985,1.0
0.3037879307861897,1.2437657605308736,-1.0
2.214242036435874,-1.8890724087905468,1.0
-1.4127794859965894,1.4870092937668535,-1.0
-0.5522529496849271,0.9392058939883587,-1.0
1.0324797157533776,0.805657273272365,-1.0
-0.5125060456403828,-0.4722196878473731,1.0
0.22252777726910358,-1.2710354932005898,1.0
1.220078514238279,0.583654714700224,-1.0
-0.4695500128838926,-0.9527603862675823,1.0
0.8002208817889809,-0.4507117743697322,1.0
-1.2179367733207993,0.28559172241399944,1.0
1.2552373747242185,0.3111310161530785,-1.0
0.33778387098271057,-1.2173931738718087,1.0
0.13402679274666512,1.7044740740436035,-1.0
-2.426679243393074,0.5710873711438227,-1.0
1.1314436080657682,0.9058344480793892,-1.0
1.6295341945107669,1.0658062824628314,-1.0
1.0965328284103468,-0.08395873934411135,1.0
-1.2568338125336815,1.261989196783341,-1.0
0.16145636340763547,-0.639396967540776,-1.0
-0.34120606462067304,0.510220219586591,-1.0
-1.8022907466733604,-1.5588236912996467,1.0
-1.4029890877228395,0.3623078611867582,-1.0
0.9955950119998253,-0.8420412198410724,1.0
0.8740798091601995,1.4093550249256404,-1.0
1.5236637764785275,-0.09502645742691751,-1.0
-0.6647792521753807,0.644386871703041,-1.0
0.11113519887059527,-2.7631575338020977,1.0
1.1117017451038067,-0.819042854258113,1.0
0.26337424970889284,-1.330902145603514,1.0
-1.2717469495300868,1.7471284116768413,-1.0
-0.24865585038497331,0.3303528523564754,-1.0
-1.3206025797896521,0.33038140013024164,-1.0
-0.028945944976738743,-1.0363073747989346,1.0
1.2646252869680072,-0.42021299894851216,-1.0
0.7898280347342986,-0.007508801235176055,-1.0
-1.842031838405077,2.1015259861531725,-1.0
1.4830391747653016,1.7209893917039087,-1.0
0.4060711951465114,-1.269518905213406,1.0
-1.1150399534194404,-0.4506831416048005,-1.0
-0.7586284233600243,-0.20004327798502342,-1.0
-1.090784428818142,-0.9800388960956675,1.0
1.9590953525071417,-0.0836776793595817,-1.0
-0.49097228256584685,-0.30916531430258165,-1.0
-0.12144867540402206,0.41646328329234306,-1.0
0.7691547640535308,-1.6823310456676803,1.0
0.10356803732332855,-0.17893695403342558,-1.0
-0.37555811897157276,1.151607593647143,-1.0
0.3766891410007215,-1.7311519376614082,1.0
-0.9868038892903219,1.0592911338947069,-1.0
-0.1964429181811256,0.3122552035216337,1.0
-0.9053002652415295,-1.0885253055525905,1.0
0.5537746075705778,-3.1594416461000474,1.0
1.160175947005379,-1.6415123358314556,1.0
-0.19723636840428496,-1.0420964154954233,-1.0
0.05868743844990988,2.0644226884109074,-1.0
1.090677437887579,-0.3082561298130899,1.0
-1.6643054249219367,-1.7151555084189787,1.0
-1.5181079752636586,0.5388125868632779,-1.0
0.05827149716642897,-0.36559129386136946,1.0
-0.227050245824866,1.216788133266835,1.0
-0.6969900047912437,-2.101422269814973,1.0
-0.3365917240756086,-2.7258900047900703,1.0
-3.167055328652906,0.2860110019747708,-1.0
1.7437122251229307,0.20193726475893747,-1.0
-1.5610305114373637,-0.9255868907643525,-1.0
1.23187178862397,-0.40726856339576734,-1.0
-0.5903249179528643,0.6520356620650736,-1.0
-0.5261092631211002,-1.263628698673095,1.0
0.6094073185015682,-1.886004489155721,1.0
0.3749185335734271,-3.28175242630648,1.0
-1.7510703491923696,0.33414303298061243,-1.0
0.9848274870798956,-1.4640342536001567,1.0
-0.006307250913872172,0.7933376968024335,-1.0
-1.2491566313508997,-0.6492837416117032,1.0
-1.489581707099344,-1.6945597866975728,1.0
0.7609493931283295,1.3234688478568952,-1.0
1.8035859146130904,0.7319621301861923,1.0
1.1349446942859343,0.5497217212656154,1.0
0.5232184412826316,0.573310230006199,-1.0
-1.1597447282824545,-2.885431655871733,1.0
-0.6912004453327776,-0.6244176935564015,1.0
-0.31264402255808427,-0.25610791713485115,1.0
0.1617103094175957,1.7049794803731055,-1.0
-0.06783008579806996,0.5194710966809868,1.0
0.9978899657197836,0.6860368312962442,1.0
0.39207804655166945,1.7473929615463166,-1.0
0.4994568924625311,-0.2903068598376308,1.0
-0.08652228638213517,0.0846929300560213,-1.0
-0.45642595614359244,0.2548527781414067,-1.0
-1.2538806677490124,0.3622484975465897,-1.0
0.8103255974845255,0.16799059142461137,1.0
1.332800942422933,-0.011074683650295958,1.0
0.024317144864591727,-1.403959934929431,1.0
-1.518326313799268,-1.1811880229668226,1.0
0.2996346031797468,0.45116882280047554,1.0
-1.0570557773396025,2.3202683189321007,-1.0
0.37467435282496664,-0.6637036551154436,1.0
0.6868044067946779,1.585768138667071,-1.0
-1.5434439088924747,-0.4253785710788319,1.0
0.03816631200200775,1.6283201028551701,-1.0
-0.06962309872009259,0.9043472555067005,-1.0
-0.7966301540623809,-1.5318123168455533,1.0
0.46843911944564426,0.16884501575672084,-1.0
-1.8638842993007476,-0.22996906167977293,-1.0
-0.12116680328820885,-1.008585468370626,-1.0
0.8677062527201732,-0.4301594855475147,1.0
0.2499699394555311,0.02569215037908046,-1.0
0.6958796617175403,-0.67969178725373,1.0
0.35145051656046883,-0.955157803785658,1.0
-0.2510374552120426,1.7728453956729084,-1.0
-1.255668685662482,0.44806312430392636,-1.0
0.7122646354705182,3.5983039272693147,-1.0
-0.1400687201886661,0.13824510414031455,-1.0
1.3232737096546197,-1.0031548398727756,1.0
1.959411342388286,-1.025045762997471,-1.0
-0.3242353482405271,0.6902488559838937,-1.0
0.7261362898880562,-0.001974649777791493,1.0
1.3772574828673068,0.8568240256738129,-1.0
1.4081770743652862,-0.38128318991287613,1.0
0.22071479080125825,-1.5686857455610084,1.0
-1.6004405330562717,1.7538687788376368,-1.0
1.2528847419749227,-0.7408411574402343,1.0
-0.794643717887957,-1.924420197566481,1.0
0.4892034935587032,0.5660332728275252,1.0
-1.1846574927726896,1.1459792250135152,-1.0
-1.9250586729111605,-0.1583693766933446,1.0
2.37138845402525,-1.1120952917550784,1.0
2.332061996209657,1.3451242406120716,-1.0
-1.4407597046690717,-2.04662756086045,1.0
0.7718466355607634,-0.14295203954150004,-1.0
0.6453037648236415,-1.042652969846178,1.0
1.1783751486717822,-2.2335617030552273,1.0
0.7285354008351337,0.9012401941332868,-1.0
0.960880075213844,2.7843567953013033,-1.0
-0.3554144359006804,-2.184876955929443,1.0
-0.177899338979872,-0.4611967263742185,1.0
-1.0845679120057665,-0.36347154461858433,-1.0
0.8960583134099478,1.369619586304174,-1.0
1.7851688135164747,1.3101225206265261,-1.0
-0.3311282982824718,2.502580905809435,-1.0
-0.010032652757383347,0.15435557160477031,-1.0
1.8368685037265968,-1.7184031557554633,1.0
0.4405823002889993,1.0825954195362701,-1.0
1.6215306334476487,0.1652583411657258,1.0
0.403085961219367,2.4719293689732718,-1.0
1.4419991487763029,-1.600584865498937,1.0
-1.0489916773184873,0.9248794120261685,-1.0
-0.38029109711168085,-0.6874064802486776,1.0
-1.088508555488929,1.5685042066678756,-1.0
0.32257673799720377,0.5658334797484089,-1.0
-0.16842643163047274,1.2440269381404947,-1.0
0.3012904839825757,1.1549118597337105,-1.0
-0.8234314059856659,1.1302149541579696,-1.0
-0.8817485267318087,1.8419395730245767,-1.0
-0.8015717808024205,0.4869493895565995,-1.0
0.06726691076374067,-2.0804620952488753,1.0
-1.7309894498221519,1.1574627523984584,-1.0
0.25381647654962736,1.2837253557710373,-1.0
-1.198301144700787,1.1995240735586326,-1.0
0.4951808887859862,0.48575960928892925,-1.0
0.1243586326189154,2.5169736782466114,-1.0
1.4485765853244514,1.892200085137838,-1.0
1.0124002428118812,-1.3665680747669453,1.0
-0.6535086929310902,-0.3319126793629501,1.0
1.7440410870108336,0.0322556043005221,-1.0
0.7033101178067301,0.40189466865917456,-1.0
-1.4167495871942342,-0.6869080704480531,1.0
-0.4791229453143527,1.3600507280808367,-1.0
-0.17718978019187487,-1.1623065330357973,1.0
1.1704542973614533,0.44910679488285765,-1.0
-1.4155187704342762,2.629611318645958,-1.0
0.7181505425518439,-1.9993807492735187,1.0
-0.11600038646897386,0.013492949202779103,1.0
-0.42107850540501407,-0.1664713206163051,-1.0
0.19701893254347608,-2.2310550079193123,-1.0
-1.0502189902580903,1.567880067453997,-1.0
-0.3691753722778006,-1.1951084702125887,1.0
0.7532762119993187,-0.7155304432704499,1.0
0.3677054943710771,-2.515013514150283,1.0
-0.2920041627702413,0.8830682598532503,-1.0
0.9126879358198553,-0.2735702368122439,-1.0
0.2286621315710562,-0.677244478604,1.0
0.09592041239523996,1.8009296466651268,-1.0
1.2025165866697032,-2.563156706149209,1.0
0.4328900587755523,-0.7022371102495377,1.0
-0.8110977883309515,-1.387523103613599,1.0
-0.5187038515389994,0.9376014514176935,-1.0
-0.976577764577765,-0.055179688139264216,1.0
-1.335895950798125,-2.136418428222424,1.0
0.23850121218790918,-1.0502176773830971,-1.0
-0.2943957001896446,-1.8604267600922384,1.0
-0.31022755338137453,-1.5521440838327853,1.0
0.16872226693647913,1.2753418630799227,-1.0
-0.4396722054259928,2.0882204764493446,-1.0
-0.27217646568739323,-0.1601296615335286,-1.0
-1.2511898734731952,-0.18432733851166372,-1.0
0.15103669025071986,-0.9305968849727431,1.0
0.20486031904657026,-0.8883726413499943,1.0
-0.03932933464491537,2.448903611625761,-1.0
1.1912324570650992,0.6517418811606197,-1.0
0.1995821110885137,0.8738822267690083,-1.0
-0.679778149342087,-0.6537864265272922,1.0
-1.9566982524232808,1.0272486958864038,1.0
-0.3820865522349683,-0.46207694227622187,1.0
-0.3350107619330159,2.031114458921742,-1.0
-0.5284007549344323,-1.4766015575819447,1.0
-0.1359824020931157,-1.8055619863576817,1.0
0.6359427056445893,1.2846030298135565,-1.0
-0.40371310534313537,-0.3514371014555179,1.0
-0.14536354315421035,2.8687264568398083,-1.0
0.9830333962592408,0.8284039947432844,-1.0
-0.9800066473024811,2.011939656367902,-1.0
0.7434656952738399,-1.850715046401506,1.0
-0.052801482653846724,0.8457946885141173,-1.0
0.05994319274761793,-0.6726596335917017,1.0
-0.19932758486072275,-0.018993144430251463,1.0
-1.7865268526790055,0.8476055019835722,-1.0
-1.7554018445508066,0.6513924852614901,-1.0
-0.27578601386617546,0.4478919285118922,-1.0
1.0239055049925403,0.7899435873541821,-1.0
0.44649141639144774,-0.5757566141770207,1.0
0.3998955214355069,-1.8741463202683906,1.0
1.0509586725418538,-0.7999510150834533,1.0
-0.3157125900577396,-1.7306754804134263,1.0
-0.8076993401971515,-2.2760773521443496,1.0
-0.31669995390335576,-1.265576158678582,1.0
0.47026374759618605,-0.11143044776235445,-1.0
0.505229211106964,-1.7765786679437585,1.0
0.6692138364157875,-1.1418344858085383,1.0
-0.2654456248957732,1.929584469942711,-1.0
0.04967123997034232,-2.74762916932177,1.0
-0.18459917717285057,-1.2361688420171104,-1.0
-0.31359504883286077,-1.759870980982933,1.0
-0.39736349181039743,0.5769722548466876,-1.0
-0.4250761037008216,-0.7752428411035694,-1.0
-1.1472371412402353,2.520166442206532,-1.0
-0.8871914250052731,-1.7649811162236813,1.0
-0.8539448192292642,-0.4241516380693279,1.0
0.411718830755267,-1.4221147302605859,1.0
1.2672986450543529,1.332764977254117,-1.0
-2.3628641084522477,-0.759063135929487,1.0
0.6634792559463168,-1.7895712742731404,1.0
-0.8135714254875379,-2.6637284133317123,1.0
0.3090168197876328,-0.7155525059765634,1.0
-0.024625981431480627,1.0341421289098416,-1.0
0.5795416155732297,1.5796897791443336,-1.0
0.4195676758953945,1.20692751928326,-1.0
-0.6595600882722964,1.7509445971896804,-1.0
-0.8053665180656158,-0.7276694941206072,-1.0
-2.5031610117369376,-0.15734778271483774,1.0
-1.2019366808669738,0.5292144422926593,-1.0
-0.01579437194355793,-0.04370412032069182,1.0
0.6428539051809659,-1.3914036798086067,1.0
-0.5762832031665642,-0.19556171073069106,1.0
1.720920319810075,-0.5684400468313575,-1.0
-0.3140743742422747,1.1137559728798374,-1.0
-0.9850235826980721,1.5056858513379232,-1.0
0.08399285613164036,1.2472840302376187,-1.0
-0.44398195964606546,0.5656487243814827,-1.0
-0.42767959812380435,2.242869549603737,-1.0
0.24797988474753857,1.8171882801174082,-1.0
0.215369597889294,0.018883826443517382,1.0
2.158170199583578,-1.8408786171398601,1.0
0.43419766809319615,-0.1194642510764028,1.0
-0.1697438177991287,2.64218277204502,-1.0
-0.8173089814407803,-1.847681069998698,1.0
-0.77258373237244,1.7448193123951157,-1.0
-0.630618391430576,-0.3943751127131896,-1.0
0.3385890509998015,0.9881695055211802,-1.0
0.21091629622201072,-1.064076740163157,1.0
0.14242558501294,1.5412312971976727,-1.0
-0.5059831157853202,-1.7061364393964027,1.0
-0.390899793755101,1.5738058624050577,-1.0
1.0699185989273519,0.09067298344005714,-1.0
-0.22942662894379623,0.5503323983370262,-1.0
0.5372448610538645,-0.8880743814431353,1.0
0.5940402047853834,-1.7743327263365276,1.0
0.4562708952022307,2.5445444514561384,-1.0
-0.35140673336349937,0.28600134414618195,1.0
0.7737543592386107,-0.7925847555211296,1.0
0.2629590551691457,-0.3579578506127534,1.0
-1.1356880367850306,-1.6588419444577847,1.0
-0.6426098414665713,1.2998850665457733,-1.0
-0.41375688138006245,1.6759633930029776,-1.0
0.16054442147971804,1.819760609610189,-1.0
0.9787360059373466,3.2381433384979528,-1.0
0.3769201144376306,-0.11869560114557287,-1.0
0.856554856393462,0.9826087777698028,-1.0
-0.7594751018898269,-2.2702761239644262,1.0
-2.1870859306382227,1.0470024453686444,-1.0
-0.052776138360648865,-2.4934018146629207,1.0
-0.19261498579409048,1.4491356133597169,-1.0
0.4759338723761218,-1.3866955373697607,1.0
-0.5035845684495059,0.032080177752460415,1.0
0.956601931056012,-0.41872591403545245,-1.0
-1.031913422999302,-3.6379224872883786,1.0
2.0674904829790592,-1.0675018304282753,1.0
0.4957289155236749,-2.131956533961282,1.0
-1.2775106035629524,-0.7990691004997662,1.0
0.09142830851405706,0.4976687117303258,-1.0
-2.424836325455249,2.1062666575947215,-1.0
0.8708978067893992,1.6097905060392788,-1.0
0.7650548459970179,0.1710111662389897,-1.0
-0.36681138365245114,0.6577623298806503,1.0
0.823896442609245,-0.5057655009348591,1.0
-0.5866503082535667,-1.4665740319599028,1.0
0.625430326210501,1.0795386803576772,1.0
1.6290902913813994,1.5558944592278263,1.0
0.5554889157620354,-1.8915898824001487,1.0
-0.32651764661872357,1.10406073501028,-1.0
-0.6290122546867031,0.09592177781858613,1.0
-2.1222988830425917,0.273885972482654,-1.0
-0.37574991098192634,-0.37972497865875,-1.0
1.084643023345939,0.19118926232698708,1.0
-0.5636693111550467,0.5479232656327633,1.0
1.8474534185045268,-0.1542987578785261,1.0
2.766603071101871,0.9463905399286578,-1.0
1.089532657214453,0.9294765820376503,-1.0
0.6754162850183403,-1.284276426327477,1.0
-1.3280672310020856,-0.4503027308852775,1.0
1.5254442364402778,0.07990689151038644,-1.0
-1.0804130049769942,-0.8391108331745523,1.0
1.265936258705534,0.13325959773489826,-1.0
-0.2812150531893959,-0.8916914016176457,1.0
0.43947003665123624,0.3821734642040504,1.0
-2.78083727488142,-0.5965967904314878,1.0
-0.6449254575247576,0.5756497459664778,1.0
-0.8795363430090519,1.283627323807291,-1.0
-1.709660902160285,-1.9618053417846935,1.0
-1.5774487938270054,0.09341047783564282,-1.0
0.23203697153890715,0.5009226216567311,1.0
0.06671530922405998,-0.3405586042543377,1.0
-0.8654322715151541,-0.3746879710222193,-1.0
0.6112378264403967,0.30935097403309064,1.0
0.3787369930838098,-1.6356499028604752,1.0
0.837935227193522,-0.2598015206134475,1.0
-0.40593961335790624,-2.9000625276370466,1.0
-0.6169705200276151,-2.186886699900355,1.0
-0.5280405508818312,0.8613170547251544,-1.0
0.9575787484971386,-3.3523584111768514,1.0
-0.624024850239865,2.8044363234026015,-1.0
-0.35802010256334205,0.7719654617140828,-1.0
0.47745168470488547,-0.18590152642338675,1.0
-1.4571000526191356,0.3834913082593199,1.0
1.3306307763606484,1.21639656827201,-1.0
0.8472603166461764,-1.0232281920377873,1.0
1.2608212692267615,2.3374538256412123,-1.0
-1.4118888760712274,-0.8768686558738945,-1.0
-0.48236531510849157,2.079796350300936,-1.0
0.02337234328724855,1.1902100178591897,-1.0
-0.3020956757693075,1.2710337674566938,1.0
0.2514641840435942,0.30520178489449723,-1.0
-1.3224731100566671,1.4394140638651671,1.0
0.39705983566300446,0.9195264055710193,1.0
-0.96325368587879,0.752378621306383,-1.0
-0.7892555297763586,-0.8027308349605904,1.0
-0.6591513106966477,1.611123550055911,-1.0
-0.3660816948986407,-0.48038885346719784,1.0
0.8700555088304502,-1.9948104735409704,1.0
0.6041695073863402,-2.346038684565346,1.0
-1.0856306033005612,1.9973454465835858,-1.0
0.448428964148724,-2.8794752439104006,1.0
-0.10667449055824228,1.2262616470687024,-1.0
0.48291494227225784,-1.3038799394438128,1.0
0.6508242887315826,-0.8614985362937525,1.0
0.00771365725419405,-1.6236291931197635,1.0
0.8814169197592583,1.8874423184465896,-1.0
1.6086909680220534,0.729767607990842,-1.0
0.5930700051303133,0.23963498930120464,1.0
-0.5262640152206957,-1.518353205269067,1.0
0.6000544504725007,-1.4335672776694266,1.0
-0.11948610980875449,-0.30880139428191966,1.0
-0.735396813798929,-0.8135703996005305,1.0
-0.30408629254901026,-1.969797603506867,1.0
-0.40375953389145974,-3.1145481470896668,1.0
-0.20997373588419468,1.3007954393670502,-1.0
-0.5658801192271726,-0.6568358429765562,1.0
-0.9358338684023914,2.1758290447821036,-1.0
0.9901328947153126,0.6462456662186509,-1.0
-0.9206465426133663,1.1682343424234323,-1.0
0.18103512959700388,2.1778619388085785,-1.0
-0.3479589732049755,-0.3730170636262202,1.0
0.3255521628805719,-1.26991790118506,1.0
-0.9073614922555138,-1.1614511382841535,1.0
1.4083691460769014,0.3912891967355582,-1.0
-1.3600076771230591,1.7740000020757853,-1.0
0.5479239582517051,0.44355176435174615,1.0
1.8629275851052287,1.8350587468112365,-1.0
0.28762071303773584,-1.6380619374163954,1.0
-0.5489204133222201,0.021942293915716338,-1.0
0.1965696193161701,-1.6328669583423245,1.0
-0.6885485324635544,-0.08476877125308202,-1.0
0.2908743874249234,1.2796626701579614,-1.0
-0.2202924653000638,2.861564123831818,-1.0
-0.3467202905624426,-2.2534380064376895,1.0
-1.5487650014491352,0.0341966003611609,1.0
0.8909167504786911,1.5569525393273476,-1.0
-0.7942523588696101,-0.7841983044671264,1.0
0.4657700660382165,-0.41789448802966933,-1.0
0.45221642395941064,-1.6133271790616037,1.0
0.3449373356933971,-0.6542300705398411,1.0
1.3953529297569547,0.6410640737577387,-1.0
-0.39161981071960156,1.1399781061145635,-1.0
-0.24520334168519506,0.638360068134787,-1.0
-0.960602470571919,-1.7220757158974855,1.0
1.3057473995092346,-1.6753342355440102,1.0
-0.5213056056161282,-0.1524826301710961,1.0
1.0578625471721022,-0.6381846530177662,1.0
-0.6788861516220543,0.9052910310631088,-1.0
0.5304814136815165,-1.1986269405062941,1.0
0.8015441715482821,-0.7102044011543877,1.0
0.05022192476406931,-0.10923094324960614,-1.0
0.74176177791472,-1.104097719516615,1.0
-0.2993307182096708,0.26025678719247924,1.0
-0.6304753999997247,-0.48211336948375527,1.0
0.05280567540772656,-0.6207519803198573,-1.0
-1.622953561417024,-0.8373293740978494,1.0
-1.0303222917839858,-1.0918692158926842,1.0
0.34584676191908337,0.007728236699633628,1.0
-0.38327013290363465,0.1743781515426961,1.0
-1.7182810008406593,-0.45466109807928135,1.0
0.5472524131830305,-1.7176316844216135,1.0
-1.605180795787059,1.1261806808806187,-1.0
-0.09868469680951346,0.7850169550361091,-1.0
-0.03837827035238455,-1.5977905740428393,1.0
-1.6801341489446313,-1.064257786889213,1.0
1.0163912685410768,1.9335850943946729,-1.0
0.5565487049100443,0.7879198777243743,-1.0
0.5280104739792081,2.4210427683683315,-1.0
0.4267017991752182,0.29167751558645183,-1.0
-1.472977609111576,1.006029327171035,-1.0
0.27994357125692276,2.5959211716104487,-1.0
-0.23966878147771076,1.1433077325078727,-1.0
1.062214468922782,2.030379331152028,-1.0
1.417966828436699,-1.7328439802525422,1.0
-0.23431872455876748,-0.4819584561028547,-1.0
-0.20431653477724301,-0.7863043976622307,1.0
0.9579899440945053,-2.209627739585617,1.0
-0.0647449514862398,1.4229192796159489,-1.0
-1.0519704233661038,-1.7017505196308544,1.0
0.2079834917816728,-2.648796244719245,1.0
0.5886855547108121,2.3331907028432335,-1.0
2.12581662460879,-1.0623226751915367,1.0
-1.106385905965437,1.366732198142474,-1.0
-2.631438036808334,2.2587213025893327,-1.0
0.20066000871919681,0.1467984842194392,-1.0
-0.24559766594877117,1.048108563136617,-1.0
-0.40141442845701475,1.6734912780983247,-1.0
2.392365265937726,1.4129121603087789,-1.0
-0.10239107510368999,-1.272617710954302,-1.0
1.3321998838949054,-1.3916277104992574,1.0
-0.7920919505289836,1.674584831236625,-1.0
0.4860664028432633,0.7529096058434601,1.0
-1.4763992958517587,-0.42936878012326274,1.0
1.1311519053059893,1.1350776724846987,-1.0
1.0338782015211176,-3.1245752847438957,1.0
0.7426862211616183,0.9194167779570492,-1.0
0.27273473716279445,1.4253358569287857,-1.0
0.4919571277965661,-1.189382187732697,1.0
-1.3803513236542992,2.6980589922472507,-1.0
-1.3394413748455674,-0.44464339475196,1.0
0.7824404041044422,0.8436402727707006,-1.0
-1.8744984037190169,-2.3488889122053855,1.0
0.6914225452567888,2.9431601707247084,-1.0
0.8371022139010417,-2.0992152905917023,1.0
0.08149089870341171,0.9509883012055391,-1.0
1.0127390539563705,1.2787408560959999,-1.0
0.3203143343731366,-1.70916284160674,1.0
-0.748827465569452,-0.43240527397223505,1.0
-1.5034583992493944,0.7676426035072601,-1.0
1.5252499340034205,-0.8476602471260567,1.0
-1.8884923803868152,-0.1283305481817938,-1.0
-1.1584159108657917,1.1265165059702353,-1.0
-0.24681577694107554,1.0687883325259775,-1.0
0.17954948463867915,-0.8619757107917871,-1.0
0.23340731182876998,-2.6652804208298235,1.0
-0.20805217622988054,-0.14927932588253534,1.0
0.4743472978718003,0.43607606847352753,-1.0
-0.6691026262334455,2.612193042812388,-1.0
-1.3181367318350532,-0.4812851180593586,1.0
2.0871133595881854,1.164441230229825,-1.0
0.937850297361706,0.6433369389266561,-1.0
-0.3231343328226999,0.16584695929210835,1.0
-1.8703974787472009,0.4012682333215707,-1.0
0.777221812367959,-0.8085620904670856,1.0
-0.5486421281861983,-1.5570546040678583,-1.0
-0.3548244580948187,1.391584242350111,-1.0
0.5853180300922858,-0.1475254086772071,-1.0
-0.4033660381021075,0.8739704146869849,-1.0
-0.9734369952851704,-1.1373765705644132,1.0
-1.0522789814109392,-0.6764053720408989,1.0
1.641404184735519,0.15235603082432725,1.0
-1.5305128973556241,2.0744651405355077,-1.0
-0.30643538095264716,-1.217923505581402,1.0
-0.3412617162065858,0.7820537378970582,-1.0
-0.126386180454225,-0.2576274123573251,1.0
-1.6878867300316678,-1.6608312666100944,1.0
0.02305220825947024,2.338220531930588,-1.0
0.40370305069677687,-1.2099263412240355,1.0
-0.5470656450174095,0.9999244733893845,-1.0
-0.32385978378534624,0.8117031415063332,-1.0
-0.3460900338631944,1.1094031564412623,-1.0
-1.069947260575109,-0.22415514581024165,1.0
1.5755009358424055,1.3305632765488447,-1.0
0.9427663799784999,-0.7969555115912893,1.0
-1.8250283251709292,-0.806905871771248,1.0
0.4261466396903099,-0.6054097440159647,-1.0
-1.004967153382104,1.640218680419847,-1.0
-0.732461986720457,-0.21252313109516963,-1.0
-0.957581838756634,3.0564673412252215,-1.0
-0.23090405152817356,4.5715792180263115,-1.0
-0.7280778642763331,-1.0187115353416571,1.0
-0.8182753679602661,-1.6546431760426943,1.0
-1.237353212687854,1.124055896446649,-1.0
-1.011643753172907,-0.15566539391412182,1.0
-0.16079799707707773,1.850707737117589,1.0
-0.27265446153778367,1.0242113608952934,-1.0
-0.49756878304899554,-0.74482247860331,1.0
-0.5239224081217192,-0.4540120148334993,1.0
-0.8088991386454156,-1.6124552480518544,1.0
-0.7047204226246058,-0.15266134192096037,1.0
0.18904344241411,-0.0818191232906198,-1.0
0.6736489338137502,2.49245538715155,-1.0
0.3045151754260446,-0.29710001966665156,-1.0
1.327484954015637,0.13237577845746729,1.0
1.9648894053392907,0.5050081893496841,1.0
-1.542536613885471,-1.47238090126941,1.0
0.9074829450907496,-0.6008779521479553,1.0
-0.22661307466260003,-1.9952278451786465,1.0
-0.8763267386254864,-2.4252109609210644,1.0
-0.7755203060617992,-0.27407518868062364,1.0
-1.7159014899546312,-1.6783738113949331,1.0
-3.801378196860991,-2.127172204903134,1.0
1.1316445091958878,0.446595671198435,-1.0
-1.576232847396656,0.872437837990069,-1.0
0.7520336682672812,1.069640749485356,-1.0
-0.5786002519685364,2.651436537097151,-1.0
-0.5103428738061208,0.5522285746477569,-1.0
-1.1405342643634924,-0.9141028456072103,1.0
-0.7727087142471915,1.7948626677932182,-1.0
-0.7598350885926631,0.34561891417950685,-1.0
-1.4843283120406374,-0.013749427210173581,1.0
-0.7287530452913753,-0.5115240421091795,1.0
-0.6023399830262286,0.6202696724198644,-1.0
-0.17929234655146434,-0.8403852866882726,1.0
0.22872073993543648,-0.5356845358775566,1.0
-1.066612742044729,-1.0761404529577079,1.0
0.3029112965556297,-3.0466222070664988,1.0
-0.0480141917504573,-0.11252931024476531,-1.0
0.8123413299768204,1.4997401448651728,-1.0
-0.6615506465805062,0.07028836555758333,-1.0
2.1657013832930687,-0.3257138864376269,1.0
0.26900118967212827,-2.3967591759349753,1.0
-1.6680813139093884,-0.6540992509640624,1.0
0.9785590781405097,-1.1276745745829966,1.0
-0.38423157094000376,0.315727460797091,1.0
-0.5866159508522137,1.1542900505518712,-1.0
0.3897810159436931,-0.1724054148013714,1.0
0.8012023859065722,-0.6208921714566942,1.0
-0.4483916384609412,1.412818761687691,-1.0
-0.7391422743557824,1.2872142809033678,-1.0
-1.0747665931188752,1.6683168667415278,-1.0
0.9102996644453665,-0.32832692231731664,1.0
-1.224529092816291,2.0086509563084367,-1.0
-0.7857193987675104,-1.0703838360912898,1.0
-0.2649864518459969,0.10680405296320705,-1.0
-1.6575094247749238,-2.333999266849758,1.0
-0.8612252531972743,-1.1409908095407142,1.0
1.2169058041387777,-0.8032199072985561,1.0
0.5907042178943853,1.115298722210791,-1.0
-0.03368923154093914,1.1797515657713151,-1.0
-1.3992338686095869,2.057695101428216,-1.0
-0.8203755201347369,0.3773365111191067,-1.0
1.2189858621324263,1.4201795969883613,-1.0
0.6586175647922772,-0.2887116599704722,1.0
-0.9212836967225428,-0.05270079822789475,1.0
1.6006241393333227,-1.791662236638561,1.0
0.6732554887726439,-1.8002706810425464,1.0
0.03594050250391853,1.8501028835244373,-1.0
1.0665424469694555,-1.926921972034492,1.0
-1.6044364005126521,2.6291212053324973,-1.0
0.14993382849816042,1.5496425958003854,-1.0
0.21458607470423502,0.5978402649274823,-1.0
1.0639050277896922,0.7016081681127451,1.0
0.5815898028611892,0.7655850880821287,-1.0
-0.8249920538471605,0.7431546389755528,-1.0
-0.7571640981176355,-1.6802628025228472,1.0
-0.37178001463042154,-0.8405879959085207,1.0
-0.6025752242276486,-0.3006714455717573,1.0
1.310923696503857,-1.0681004546935688,1.0
0.9114606095823158,-0.37449687910311247,-1.0
1.6609524881479396,1.8073081862107285,-1.0
0.9315296133879658,1.385066102777271,-1.0
-1.1123642708371866,-0.2541835105849213,-1.0
1.6222084878501515,0.5028398533111345,-1.0
1.3261680595919987,-1.5202517113340797,1.0
-0.027458376689570886,0.9019084172064004,-1.0
0.3516793717496016,-0.18692538652941004,-1.0
-1.0662264873982346,-0.8831981310869487,1.0
-1.3180438234754557,-0.9317689789009886,-1.0
-0.4745967547419668,0.9262479079208592,1.0
0.11682811556907778,0.6922256778554396,-1.0
0.9230645712989498,-1.8220004221915187,1.0
-0.14913918465115597,-0.6449604708919999,1.0
0.9741324352577567,1.1602937210962732,-1.0
-2.8336574560135026,-1.533407625911667,1.0
0.3422054039958589,-0.714349803890125,1.0
0.020418758785576606,0.4181497901831277,-1.0
0.09346082946215117,2.459589268228421,-1.0
-0.4756385595250576,-0.7651562423217089,1.0
-0.35490883174008503,0.3174618457966941,-1.0
-0.27487754656593466,-0.4160822525219303,-1.0
0.0028459158968110196,1.688222711102285,-1.0
0.9043062201346425,2.1999876485826135,-1.0
-0.1648751790198756,-0.9844282169841215,1.0
0.8059821116221542,1.9528308618116563,-1.0
0.02968323030333022,2.0693159694243484,-1.0
-0.5393901194785343,1.895370846607177,-1.0
1.2521538786984636,0.12388287676304643,1.0
0.156319421100823,-1.3932307149060883,1.0
-0.4733549700707904,2.0458573280333687,-1.0
0.5628611811572876,-0.18718812950313202,1.0
1.014303883533461,-0.7089917765492033,-1.0
1.573239629782792,0.2700248768243845,1.0
0.013559525289671644,-1.8596879893441804,1.0
-1.2133847809476472,-0.3264877850539407,-1.0
-0.44470377885003143,-0.6499908633927871,1.0
1.004053897878877,1.386186399174856,-1.0
-1.8951755930793188,1.0877304638665763,-1.0
0.5937311212495301,-0.46734260538661154,1.0
-0.6798278923997879,0.3949873439270105,-1.0
2.559850230632471,1.0349025640620044,-1.0
-0.45496319041455213,-1.7962460588279634,1.0
0.40672783626369546,-1.4470836442472603,1.0
0.9458769837130342,1.6130677280288435,-1.0
1.1874174826896131,-0.854283145422222,1.0
-0.6574661089412417,-0.2703958804842387,1.0
-1.6096950841174666,-0.9864299381080235,1.0
-1.1177672093896212,-1.604436724812431,1.0
0.02031599823462459,0.8060361294473376,-1.0
-0.4306598446089692,-1.1464157745344514,1.0
0.23122812585811972,0.07611274332861862,1.0
0.6820347768334102,1.2965565672865393,-1.0
-0.20265890716555396,-2.1342480262783416,1.0
1.4913896261242878,0.361098003315349,-1.0
0.9598304499937307,0.6857494134805701,-1.0
-1.0106170360719506,-0.7547346251035337,1.0
0.01430509071313689,-1.382387029295559,1.0
1.2842206278738375,-1.1364882381235324,1.0
0.9090309931108516,-0.6959376101852129,1.0
-0.008660466741585568,1.9768129824696103,-1.0
-0.1734736346413268,-2.6917511681128428,1.0
0.1729332942095047,-2.594436018110398,1.0
-2.1521150796668893,-0.854805318630296,1.0
0.3308167712757532,2.518629560365495,-1.0
-0.8375167228250533,-0.6059627607174027,-1.0
-0.7352169561000764,1.5012489895674,-1.0
0.8741052997953694,-1.220945970368434,1.0
1.1679405615385783,0.6849814956242684,1.0
-0.5270919418720428,-1.2451650684990156,1.0
0.8749623291033075,1.3522715820714728,-1.0
0.2724619331146089,-0.08211605384585874,1.0
1.474405015912123,-1.5238600104841304,1.0
-0.1941442930229669,-1.2012160282775899,1.0
-0.4340047382986483,-0.667689228147901,-1.0
-0.7043421471287583,1.7506099168684812,-1.0
-0.28424709842062984,0.9569582242193515,-1.0
-0.6929227963724369,0.22172827353690738,-1.0
0.16822860749339733,-0.9116170915938901,1.0
-0.661055965927149,-0.042498204183158306,1.0
0.48547522607809224,1.6705123906471673,-1.0
-0.07206009820763162,-1.1052683555724219,1.0
-0.1833318104609036,-0.5457155318549254,1.0
-0.7542021627241914,-0.2617700117470425,-1.0
-0.03183401761355125,-1.1248417726449547,1.0
0.41800374076894203,0.2857010543492353,1.0
0.31158150338288004,0.8579492728708171,-1.0
0.9359884508763173,1.3802191448661718,-1.0
-1.923715729697126,1.6957873191396078,-1.0
0.59407025523907,0.8008876172427477,-1.0
-0.4725305920249986,2.2205689137145272,-1.0
1.374990631494199,0.8695553110153763,-1.0
0.03240725440387064,1.946185896745388,-1.0
0.7601662329675437,-2.837264862563641,1.0
0.9020064563182728,-0.3025098454120593,1.0
0.9801175060083599,-1.549077860540066,1.0
-0.0061299610455789804,0.8407547907467352,-1.0
0.193589005944582,-0.31271428919750566,1.0
0.9274624317585825,0.8263643172097842,-1.0
-1.1821528913270605,2.0891653824583836,-1.0
-0.8566498771059953,-2.176848319189612,1.0
1.4689188959237782,0.34338804784610977,1.0
1.255464321946314,1.974386203344494,-1.0
-0.08452951063307515,-0.7207091158412353,1.0
-0.07456369283612095,-2.613731100542421,1.0
-1.7584096786004588,-1.2791188794463528,1.0
0.18918897492935852,-0.172927491946533,1.0
0.35968705956639585,-1.3643572001662183,1.0
-0.09809130121944236,-2.1030498610160775,1.0
-1.771533104509847,0.3001227654020827,-1.0
-0.08567698812090879,-0.8349043821662089,1.0
0.7631605141545158,-0.8076212772425719,-1.0
1.7160403221121312,2.3081935639887154,-1.0
0.630488030489918,-1.152493444412304,-1.0
2.0580929346749612,-0.6315816577125482,1.0
-0.10291061426267058,0.7173716155929765,-1.0
1.5188656236315399,0.6459998872498267,-1.0
-1.4323824617568983,0.3692120754930326,1.0
1.832905932294317,-1.6297187170588883,1.0
-2.4384605640450236,-0.30717818830428567,-1.0
-0.003409146538131313,-1.5045832696124615,1.0
0.6863462148712504,-2.7576996121379835,1.0
1.655773153474168,-0.5187129405879153,1.0
-1.3198915593599103,2.2664292986658463,-1.0
0.9597063713475107,1.8291703990248491,-1.0
-1.693454047511539,-1.2631533798781893,1.0
2.2059300827254558,3.1867860889737867,-1.0
-1.2122689628960637,1.6907772729156427,-1.0
0.16595697447417668,2.601907651016928,-1.0
1.8584744098061854,1.058537754695024,-1.0
-0.7564372093991233,1.3216865758662266,-1.0
1.0231909777800074,-2.7889345652509228,1.0
-0.4756477679064388,0.028063162914549467,-1.0
0.605970238180039,-0.36003140850225834,1.0
0.4886543589979511,-0.8495229840585703,1.0
1.6250881580866812,-1.3631487384955367,1.0
-0.2262102548964797,-2.6304965107410547,1.0
-0.25430018713019203,-1.700900088284699,1.0
0.7687358603185999,0.34576918011500624,1.0
-0.48010062186615227,-1.9234151966211206,1.0
1.4172990464768525,1.8072365345785664,-1.0
-0.8664952037596095,0.3331924912034806,-1.0
-0.5406883373725029,1.2310172673433715,-1.0
0.30924340938501466,-1.210922897773194,1.0
-0.0018746917257705736,1.631948284009333,-1.0
0.4161238144776257,0.8671988254880252,-1.0
0.4126695829369163,-1.632506884341217,1.0
0.5536263953389848,-0.44612552956813245,1.0
0.29176928070937597,-2.79077980472523,1.0
0.7373685758962422,2.490732028150799,-1.0
-0.41964074161010806,1.6347631315935225,-1.0
0.057708806756984116,-1.796296464290505,1.0
-1.0570771415322984,-1.0891636991603153,1.0
-1.4518292018451076,-0.6344631033627585,1.0
0.03844707664769293,0.05150137380592312,-1.0
-0.6692056054644492,1.0432505428983532,-1.0
-0.9448894089528124,-2.5800595620137576,1.0
-0.991604685820878,-0.6901365465774656,1.0
-0.30787902657630095,-0.9124899898112869,1.0
-0.014013724706417307,0.2697558454851914,1.0
-1.2940853231612488,-0.03878821020495349,-1.0
-1.387237503327094,0.22545314820405715,1.0
-0.6018091321161564,-2.215662064335003,1.0
-0.9973214687759007,-0.1000431126206971,-1.0
0.2652339583982989,0.627728268641714,-1.0
-1.2227369597487854,0.6066891482188431,-1.0
0.16797156107851,-0.41342031971345927,1.0
-0.7408137732923984,1.0729072432760522,-1.0
0.10146689245241805,0.5783158992248472,-1.0
-0.13257675518338724,0.03716203268026441,1.0
1.417375195094796,-1.4718917303526817,1.0
0.5233426304345435,1.2387606717297055,-1.0
0.10782988226861115,0.013958678844949945,1.0
-0.32776424472118837,2.0128681948538745,-1.0
0.4935795469446793,0.5087051144253556,1.0
1.6070849467167019,-0.2621746076270942,1.0
0.2792167152139877,-0.18885495534385022,1.0
-0.13186546313703731,-2.3947085314093686,1.0
0.9469082441625268,0.09206770649069873,1.0
-0.933751485490244,-1.4702692264797044,1.0
1.6046141246729158,-0.17778179574339437,1.0
-0.1580581757672565,-1.6109330882631578,1.0
-0.39615592240969827,0.9616787822568483,-1.0
-0.863223062848507,-0.35699013804096436,1.0
-1.1735250952083474,-1.2356852875344668,1.0
0.6755037809057729,-1.4105104628236416,1.0
-0.41675766834030037,0.43488679854154255,1.0
0.14398134623101064,-0.9376402113644968,1.0
0.18197412814946928,-0.4271571810292406,1.0
1.1622040490995293,-0.09720304648303424,-1.0
-2.1694079584120365,0.9643945153901704,-1.0
-0.5978550805922049,0.8416728629507798,-1.0
0.2326496582105465,2.6065968052348043,-1.0
1.5340902893038646,0.47008590136632344,-1.0
1.9298324339990223,1.191482325439912,-1.0
1.5238520171998033,0.31677405700021055,-1.0
1.3108760096986793,-2.490213427829432,1.0
-0.6553369266664799,0.5115683204421728,1.0
0.8889929175948555,2.1610683576464833,-1.0
-0.6754694337864318,0.7041709320943614,-1.0
-1.57052860106121,-0.793888920926237,-1.0
