date,tavg,tmin,tmax,prcp,snow,wdir,wspd,wpgt,pres,tsun
2025-01-01 00:00:00,-2.6,-3.3,-2,0,,,6.2,31.5,1030.7,
2025-01-02 00:00:00,0.3,-4,6,0,,,13.4,38.9,1021.1,
2025-01-03 00:00:00,2.9,-1,6,7.6,,,15.2,53.7,1016.8,
2025-01-04 00:00:00,-2.2,-3,-1,0,,,8.6,33.3,1024.6,
2025-01-05 00:00:00,-0.9,-3.1,2.2,0,,,13.2,38.9,1017.8,
2025-01-06 00:00:00,5.8,1,12,0,,,14.8,42.6,1011.8,
2025-01-07 00:00:00,7.9,4.4,12,1.2,,,8.8,35.2,1009.9,
2025-01-08 00:00:00,5.6,3,10,0,,,11.2,38.9,1013.5,
2025-01-09 00:00:00,6.9,3,10.1,0.1,,,12.7,40.8,1011.6,
2025-01-10 00:00:00,2.9,-1,9,7.9,,,19.6,59.3,1015.8,
2025-01-11 00:00:00,-1.4,-5,2,0,,,7.1,27.8,1020.8,
2025-01-12 00:00:00,-0.4,-3.1,3,0,,,13.9,38.9,1026.8,
2025-01-13 00:00:00,0.6,-2,3,0,,,16.3,42.6,1035.5,
2025-01-14 00:00:00,-1.6,-5,3,0,,,9.6,37,1036.7,
2025-01-15 00:00:00,-1.8,-3.1,0,0.1,,,7.3,29.6,1029.3,
2025-01-16 00:00:00,-0.8,-1.3,0,0,,,4.9,25.9,1038.3,
2025-01-17 00:00:00,-1.7,-2.4,-1,0,,,6.9,27.8,1042.5,
2025-01-18 00:00:00,-2.8,-3,-2,0,,,5,29.6,1038.2,
2025-01-19 00:00:00,-1.7,-3,-1,0,,,5.3,29.6,1032.6,
2025-01-20 00:00:00,-1.5,-2.1,-1,0,,,8.8,27.8,1028.9,
2025-01-21 00:00:00,-1,-1.4,-0.5,1.3,,,2.6,27.8,1022,
2025-01-22 00:00:00,0.6,-1,2,0,,,6.6,29.6,1019.2,
2025-01-23 00:00:00,5.9,0,10,4,,,11.3,37,1013.8,
2025-01-24 00:00:00,5.1,0.3,8,2.6,,,9.2,31.5,1019.1,
2025-01-25 00:00:00,3.4,0,5,0,,,11.7,33.3,1020.7,
2025-01-26 00:00:00,6.6,2,14,0.1,,,10.1,38.9,1016.7,
2025-01-27 00:00:00,7.7,3,14,0,,,15,40.8,1014.3,
2025-01-28 00:00:00,11,4.3,18,0.9,,,19.1,37,1007.2,
2025-01-29 00:00:00,8.5,4.2,15,0,,,11.1,38.9,1014.1,
2025-01-30 00:00:00,6.2,1.5,11,0,,,6.5,29.6,1019.1,
2025-01-31 00:00:00,7.3,2.3,13.4,0,,,10.8,37,1024.6,
2025-02-01 00:00:00,5,0,10,0,,,8.7,33.3,1030.4,
2025-02-02 00:00:00,3,-1.3,8,0,,,9.1,29.6,1024.5,
2025-02-03 00:00:00,2.7,-1,5,0,,,5.4,31.5,1027.6,
2025-02-04 00:00:00,0.5,-4.1,6,0,,,5.5,27.8,1031.9,
2025-02-05 00:00:00,0.2,-5,7,0,,,7.1,31.5,1034.9,
2025-02-06 00:00:00,0.2,-4,7,0,,,10.7,35.2,1036.1,
2025-02-07 00:00:00,0.8,-4.4,8,0,,,15.4,35.2,1034.8,
2025-02-08 00:00:00,0.8,-5,7.2,0,,,14.7,35.2,1033.2,
2025-02-09 00:00:00,-1.1,-6,6,0,,,12.6,37,1032.2,
2025-02-10 00:00:00,-0.7,-6,5,0,,,8,31.5,1029.6,
2025-02-11 00:00:00,0.8,-3,7,0,,,12.6,31.5,1029.1,
2025-02-12 00:00:00,1.1,-4,6,5.4,,,13.8,37,1025.9,
2025-02-13 00:00:00,5.5,1.6,11,5.4,,,10,31.5,1019,
2025-02-14 00:00:00,3,0,6.1,16.7,,,17,48.2,1015.7,
2025-02-15 00:00:00,-0.6,-1.2,0.2,0.4,,,14.3,46.3,1023.2,
2025-02-16 00:00:00,-0.6,-1.2,0.1,0,,,11,31.5,1021.4,
2025-02-17 00:00:00,-0.9,-4,2,0,,,11,35.2,1024.5,
2025-02-18 00:00:00,-1.7,-5.4,1.6,0,,,7.6,29.6,1027.8,
2025-02-19 00:00:00,-1,-4,2.2,0,,,9.5,31.5,1033.4,
2025-02-20 00:00:00,-2,-7.3,3,0,,,9.2,29.6,1034.3,
2025-02-21 00:00:00,-1.6,-7,5,0,,,10.2,31.5,1035,
2025-02-22 00:00:00,0,-6.6,6,0,,,11.5,35.2,1030.6,
2025-02-23 00:00:00,1.8,-1,5.1,0,,,7.8,33.3,1030.6,
2025-02-24 00:00:00,3.6,0,9.2,0,,,6.3,27.8,1028.9,
2025-02-25 00:00:00,4.6,-3,13,0,,,10.4,29.6,1021.9,
2025-02-26 00:00:00,8.7,3,16,0,,,9.6,29.6,1016.1,
2025-02-27 00:00:00,7.3,2,12,3.5,,,13,37,1016.5,
2025-02-28 00:00:00,7.5,4.7,11.2,6.6,,,11.4,37,1021.4,
2025-03-01 00:00:00,6.7,3,10.2,0,,,7.4,31.5,1025.9,
2025-03-02 00:00:00,3.3,-1,7.8,0,,,13.5,37,1030.2,
2025-03-03 00:00:00,3.8,-2.4,11.2,0,,,9.4,33.3,1029.4,
2025-03-04 00:00:00,5.2,-2,14,0,,,5.5,33.3,1027.8,
2025-03-05 00:00:00,6.8,-2,17,0,,,8.7,29.6,1028.6,
2025-03-06 00:00:00,8.5,-1,19.4,0,,,8.7,29.6,1026.9,
2025-03-07 00:00:00,9.8,0,20,0,,,8.1,31.5,1021.3,
2025-03-08 00:00:00,9.6,0,21,0,,,10.2,31.5,1015.7,
2025-03-09 00:00:00,11,1,21.4,0,,,8.4,31.5,1011.5,
2025-03-10 00:00:00,11.9,4.6,18,0.1,,,13,35.2,1008.2,
2025-03-11 00:00:00,11.1,8,14.4,16,,,13.4,33.3,1005.9,
2025-03-12 00:00:00,12.6,6,19,0.6,,,11.2,35.2,1002.6,
2025-03-13 00:00:00,13.9,9,19,9,,,23.7,55.5,997.4,
2025-03-14 00:00:00,13.5,7,21,,,,18.9,40.8,1004.7,
2025-03-15 00:00:00,8.9,8,11,,,,14.8,38.9,1008.4,
2025-03-16 00:00:00,7.7,6,9.4,,,,10,37,1013.6,
2025-03-17 00:00:00,5.6,0,8,,,,24.2,44.5,1017.6,
2025-03-18 00:00:00,1.7,-3,5.5,,,,16.9,51.8,1026.9,
2025-03-19 00:00:00,1.8,-5,8.5,,,,7.6,42.6,1030.7,
2025-03-20 00:00:00,5,-4,14,,,,9.2,40.8,1029.7,
2025-03-21 00:00:00,8.8,-2,18,,,,9.3,42.6,1023.8,
2025-03-22 00:00:00,11,5.9,15.7,0.3,,,11,33.3,1015.6,
2025-03-23 00:00:00,13.9,8,20,0,,,14.8,35.2,1011.3,
2025-03-24 00:00:00,12,8,17,10.4,,,12.7,35.2,1012.8,
2025-03-25 00:00:00,11.3,7,16,1.2,,,9.1,33.3,1016.8,
2025-03-26 00:00:00,10.4,6.9,13.5,2.1,,,7.9,35.2,1015.2,
2025-03-27 00:00:00,11.7,10.9,13,12,,,23.1,42.6,1009.8,
2025-03-28 00:00:00,10.3,8.6,12.2,11.8,,,25,53.7,1005.6,
2025-03-29 00:00:00,10.7,9,13.2,1.5,,,14.9,40.8,1004.9,
2025-03-30 00:00:00,10.7,8,14,1,,,15.2,37,1010.6,
2025-03-31 00:00:00,9.9,7,13.3,1.7,,,17.2,44.5,1012.5,
2025-04-01 00:00:00,10.1,5,14,2,,,16,37,1014.4,
2025-04-02 00:00:00,11.3,8,15,0,,,15.1,44.5,1017,
2025-04-03 00:00:00,11.6,8.7,15,0.1,,,12.7,37,1019.8,
2025-04-04 00:00:00,12.6,8,17.6,0.9,,,9.5,33.3,1018.6,
2025-04-05 00:00:00,12.9,5,20.1,0,,,16.9,44.5,1009.5,
2025-04-06 00:00:00,5.8,1.4,10,0,,,24.5,57.4,1015.2,
2025-04-07 00:00:00,3,-1,6,0.6,,,15.4,40.8,1021.9,
2025-04-08 00:00:00,5.7,-2,11,0.2,,,11.5,35.2,1024.4,
2025-04-09 00:00:00,8,1,15,0,,,14,37,1021.2,
2025-04-10 00:00:00,8.8,3.8,14,0.2,,,21.9,59.3,1019.1,
2025-04-11 00:00:00,11.6,-2,22,0,,,18.5,50,1015.9,
2025-04-12 00:00:00,12,5.2,17.2,0,,,8.5,37,1017.4,
2025-04-13 00:00:00,13.6,3,22,0,,,11.3,35.2,1014.8,
2025-04-14 00:00:00,15.8,12.7,21,3.5,,,14.7,33.3,1014.2,
2025-04-15 00:00:00,16.2,13,22,3.1,,,20.3,40.8,1011.1,
2025-04-16 00:00:00,18.7,12,26,0,,,17.4,42.6,1014.4,
2025-04-17 00:00:00,18.9,15.5,22,,,,18.8,46.3,1011.9,
2025-04-18 00:00:00,16,11.9,20,,,,14.4,38.9,1011.8,
2025-04-19 00:00:00,14.8,9,21,,,,9.1,35.2,1014.2,
2025-04-20 00:00:00,15.8,7,23.1,,,,9.6,35.2,1011.5,
2025-04-21 00:00:00,18.5,9.1,26.6,0,,,10.1,40.8,1010.3,
2025-04-22 00:00:00,17.8,11,24.8,9.4,,,12.2,40.8,1013.1,
2025-04-23 00:00:00,18.4,11.5,24.1,4.5,,,10.2,33.3,1012.8,
2025-04-24 00:00:00,16.6,13.6,20,7,,,10,33.3,1009.1,
2025-04-25 00:00:00,14.8,12,17.5,6.7,,,16.8,50,1010.4,
2025-04-26 00:00:00,14.6,11.8,19,21.5,,,12.9,38.9,1013.9,
2025-04-27 00:00:00,13.4,8,18.4,0,,,13.2,38.9,1022.5,
2025-04-28 00:00:00,14,7.7,20,0,,,13.2,31.5,1025.7,
2025-04-29 00:00:00,15.4,8,22,0,,,10.8,29.6,1024.2,
2025-04-30 00:00:00,16.5,7,24,0,,,6.3,35.2,1021.4,
2025-05-01 00:00:00,18.4,11,25.6,0,,,9.5,33.3,1018.9,
2025-05-02 00:00:00,19,11,26,0,,,7.3,35.2,1018.4,
2025-05-03 00:00:00,19.3,10.6,27.1,0,,,14.8,35.2,1012.9,
2025-05-04 00:00:00,19.6,13,25,0,,,17.3,40.8,1007.5,
2025-05-05 00:00:00,17.7,14.6,22,11.1,,,11.6,35.2,1007.3,
2025-05-06 00:00:00,14.5,12,17.4,5.1,,,12.4,40.8,1010.5,
2025-05-07 00:00:00,13.9,11,18,1,,,13.3,35.2,1013.7,
2025-05-08 00:00:00,11.7,8.9,14,14.7,,,15.4,40.8,1011.9,
2025-05-09 00:00:00,12.6,8,17,0,,,9.7,33.3,1016.9,
2025-05-10 00:00:00,12.9,7,19,0,,,5.6,31.5,1019.6,
2025-05-11 00:00:00,13.8,6.6,21,0,,,10.1,35.2,1015.5,
2025-05-12 00:00:00,10.8,7.4,14.5,0,,,8.9,33.3,1014.5,
2025-05-13 00:00:00,12.5,5,18,0,,,9.3,31.5,1017.1,
2025-05-14 00:00:00,13.3,5.2,20,0,,,6.8,33.3,1016.8,
2025-05-15 00:00:00,13.7,6.2,24,6.4,,,18.1,40.8,1009.8,
2025-05-16 00:00:00,11.4,7,16,0.3,,,16.2,35.2,1012.9,
2025-05-17 00:00:00,12,6,17,4.3,,,21.9,42.6,1012.7,
2025-05-18 00:00:00,13.2,7,21,3.9,,,18.3,42.6,1014.2,
2025-05-19 00:00:00,15.7,9,22.8,0.4,,,13.9,38.9,1015.7,
2025-05-20 00:00:00,17.3,10,23.8,1,,,6.6,33.3,1016.9,
2025-05-21 00:00:00,16.7,14,21,9.8,,,8.2,29.6,1012.6,
2025-05-22 00:00:00,18,13.8,24,9.9,,,8.4,31.5,1008.6,
2025-05-23 00:00:00,13.2,10,16,10.9,,,19.4,44.5,1011.2,
2025-05-24 00:00:00,12.7,6.4,19,0,,,15.7,38.9,1016.6,
2025-05-25 00:00:00,13.8,6,20,0,,,10.2,35.2,1015.4,
2025-05-26 00:00:00,16.2,9.8,23,1,,,14.4,35.2,1014.6,
2025-05-27 00:00:00,18.1,12,24.2,0,,,15.6,38.9,1016.9,
2025-05-28 00:00:00,17.8,10.7,24,0,,,15.3,37,1015.9,
2025-05-29 00:00:00,17.8,12.9,22.4,5.2,,,23.9,58,1015.6,
2025-05-30 00:00:00,16,8.9,21,0,,,18.6,40.8,1021.2,
2025-05-31 00:00:00,18.2,8.9,26,0,,,6.6,31.5,1020.9,
2025-06-01 00:00:00,20.8,12.9,27.3,0,,,11.3,29.6,1018.5,
2025-06-02 00:00:00,22.6,14,30,0,,,10.9,33.3,1016,
2025-06-03 00:00:00,24.1,16.4,31,0,,,9.7,33.3,1016.1,
2025-06-04 00:00:00,23.8,15.1,31,0,,,9.5,33.3,1016.3,
2025-06-05 00:00:00,24.6,16.9,31.5,0,,,8.1,33.3,1015.4,
2025-06-06 00:00:00,24.8,16,31.4,0,,,6.6,35.2,1015.6,
2025-06-07 00:00:00,24.8,17,31,0,,,11.4,35.2,1014.3,
2025-06-08 00:00:00,23.9,17.5,33.3,0,,,13.1,44.5,1013.2,
2025-06-09 00:00:00,18.6,14.6,21.6,0,,,10.6,46.3,1023.6,
2025-06-10 00:00:00,18.5,9.6,26.1,0,,,9.9,35.2,1021.3,
2025-06-11 00:00:00,21,11,29.5,0,,,10.2,38.9,1016.5,
2025-06-12 00:00:00,20.5,13.9,26,0,,,8.9,35.2,1019.5,
2025-06-13 00:00:00,20.9,12.5,27.3,0,,,8.6,35.2,1021.5,
2025-06-14 00:00:00,20.3,11.5,27.3,0,,,9.5,33.3,1021.7,
2025-06-15 00:00:00,21.8,12,29,0,,,6.7,33.3,1019.1,
2025-06-16 00:00:00,21.9,13.5,31,0,,,13,44.5,1017.6,
2025-06-17 00:00:00,19.6,14.3,23.3,0,,,14.1,42.6,1021.4,
2025-06-18 00:00:00,23,18,28.5,0,,,7.5,33.3,1021.3,
2025-06-19 00:00:00,24.2,15.1,32,0,,,9.1,35.2,1018.4,
2025-06-20 00:00:00,22.6,18,28,0,,,12.7,38.9,1020.1,
2025-06-21 00:00:00,19.9,10.8,26,0,,,8.8,40.8,1022.4,
2025-06-22 00:00:00,20.7,10.6,28,0,,,6.2,35.2,1020.8,
2025-06-23 00:00:00,22.7,12,33,0,,,8.9,35.2,1015.3,
2025-06-24 00:00:00,24.9,17,32,0,,,10.2,38.9,1014,
2025-06-25 00:00:00,27.3,17.9,35,0,,,7.4,35.2,1013.6,
2025-06-26 00:00:00,28.5,18.7,37.3,0,,,6.2,35.2,1012.7,
2025-06-27 00:00:00,24.3,20.9,29,1.6,,,15.9,44.5,1017.2,
2025-06-28 00:00:00,24,19.6,29,0,,,17.1,46.3,1020.6,
2025-06-29 00:00:00,23.7,14.8,31,0,,,9.7,35.2,1020,
2025-06-30 00:00:00,26.9,18.5,34,0,,,14.3,37,1016.2,
2025-07-01 00:00:00,24.4,18,30.3,0,,,10.8,35.2,1017,
2025-07-02 00:00:00,24.4,13.5,32.3,0,,,8.6,33.3,1018.1,
2025-07-03 00:00:00,26.1,13.1,36,0,,,6.6,33.3,1017.2,
2025-07-04 00:00:00,25.8,16,34,0,,,14.4,42.6,1017.8,
2025-07-05 00:00:00,24.6,20,30,0,,,10,38.9,1018.7,
2025-07-06 00:00:00,26.5,17,35.1,0,,,7.7,37,1010.7,
2025-07-07 00:00:00,23.5,17.8,34,0.7,,,11,46,1005.4,
2025-07-08 00:00:00,19.7,16.5,24,9,,,14.4,44.5,1004.7,
2025-07-09 00:00:00,15.6,14,17,3.7,,,22.9,51.8,1012.1,
2025-07-10 00:00:00,18.7,13.9,24,0.5,,,20,53.7,1015.2,
2025-07-11 00:00:00,19.1,13,26,0,,,12.1,40.8,1014.7,
2025-07-12 00:00:00,20.9,12,29,0,,,7.7,35.2,1014.1,
2025-07-13 00:00:00,25.1,14,33,0,,,10.1,38.9,1014.7,
2025-07-14 00:00:00,26.2,19,33,0,,,9.6,33.3,1014.6,
2025-07-15 00:00:00,24.3,18.8,30,0,,,14.9,42.6,1014.8,
2025-07-16 00:00:00,21.8,18,26,0,,,12.1,38.9,1013.5,
2025-07-17 00:00:00,17.2,15,21,1.9,,,10.2,37,1013.2,
2025-07-18 00:00:00,19.8,12.6,27,0,,,10,37,1013.7,
2025-07-19 00:00:00,23,14,31,0,,,7.4,33.3,1011.6,
2025-07-20 00:00:00,24.8,17,32,1.2,,,11.2,35.2,1008,
2025-07-21 00:00:00,27.9,18.9,36,0,,,9,38.9,1005.9,
2025-07-22 00:00:00,22.5,19,27,0.2,,,8.8,40.8,1011.1,
2025-07-23 00:00:00,24.7,16.7,32,0,,,10.2,33.3,1012.2,
2025-07-24 00:00:00,26.9,17,35,0,,,8.3,35.2,1009.8,
2025-07-25 00:00:00,26.2,20,33.7,0,,,8.8,37,1011.8,
2025-07-26 00:00:00,25.8,19.7,32,4.7,,,10.1,40.8,1009.1,
2025-07-27 00:00:00,21.6,17.6,25,10.3,,,15.5,38.9,1006.1,
2025-07-28 00:00:00,21.8,16,27.2,0.3,,,11.5,40.8,1005.7,
2025-07-29 00:00:00,20.7,17,25,0.7,,,18.6,40.8,1009.1,
2025-07-30 00:00:00,20.5,14,27,2.8,,,10.9,40.8,1014.6,
2025-07-31 00:00:00,21,13.2,28,0,,,11,33.3,1015.1,
2025-08-01 00:00:00,21.8,12,30,0,,,8.1,29.6,1013.4,
2025-08-02 00:00:00,23.6,14,32,0,,,8.8,38.9,1010.1,
2025-08-03 00:00:00,20.4,16,24,6.9,,,15,40.8,1013.7,
2025-08-04 00:00:00,19.5,16,24,2.3,,,12.7,37,1017.8,
2025-08-05 00:00:00,21.1,14,27.4,0,,,10.8,37,1018.9,
2025-08-06 00:00:00,20.8,14.3,28,0,,,14.8,37,1020.4,
2025-08-07 00:00:00,19.8,11.4,28,0,,,7.9,31.5,1021.4,
2025-08-08 00:00:00,22.9,12.8,31.5,0,,,6.8,29.6,1020.6,
2025-08-09 00:00:00,25.6,14.5,34.4,0,,,7.1,31.5,1020,
2025-08-10 00:00:00,27.9,16.4,37,0,,,6.5,35.2,1018.7,
2025-08-11 00:00:00,26,20.4,31,0,,,11.7,40.8,1020.2,
2025-08-12 00:00:00,24.3,17,32,0,,,10.2,31.5,1019.5,
2025-08-13 00:00:00,25.9,16.2,34,0,,,9.6,33.3,1017.3,
2025-08-14 00:00:00,26.5,17,34.1,0,,,11,35.2,1016.5,
2025-08-15 00:00:00,26.3,17,35,0,,,9.6,33.3,1017,
2025-08-16 00:00:00,26.8,17,35.5,0,,,8.4,37,1013.5,
2025-08-17 00:00:00,23.7,20,31,2.3,,,13.2,42.6,1011.3,
2025-08-18 00:00:00,21.7,15,27,3.7,,,9.8,37,1015.1,
2025-08-19 00:00:00,21,13,29,0,,,5.9,29.6,1014.8,
2025-08-20 00:00:00,22.8,13.3,32,0,,,8.2,35.2,1009.5,
2025-08-21 00:00:00,22,17,30,0,,,10.5,38.9,1006.5,
2025-08-22 00:00:00,20.6,14.3,26,0,,,17.1,44.5,1008.3,
2025-08-23 00:00:00,18.2,11,25,0,,,8.6,35.2,1014.4,
2025-08-24 00:00:00,17.7,13.4,22.5,1.8,,,7.8,37,1019,
2025-08-25 00:00:00,17.3,8.2,25.1,0,,,4.4,29.6,1018.8,
2025-08-26 00:00:00,19.9,10.9,28.4,0,,,5.8,29.6,1015.2,
2025-08-27 00:00:00,22,12.2,30.7,0,,,5.4,31.5,1014.4,
2025-08-28 00:00:00,24.7,16.3,32.9,0,,,6.7,33.3,1011.6,
2025-08-29 00:00:00,25.7,19,33.5,0,,,8.5,33.3,1007.1,
2025-08-30 00:00:00,20.3,18,23.9,5,,,7,33.3,1008,
2025-08-31 00:00:00,17.6,15.2,19.6,1.2,,,14.6,46.3,1010.3,
2025-09-01 00:00:00,21.1,13,29,0,,,7,33.3,1011.9,
2025-09-02 00:00:00,22.3,15,31,0.5,,,7.7,33.3,1010.7,
2025-09-03 00:00:00,21.4,16.8,27.1,1.1,,,9.8,33.3,1013.4,
2025-09-04 00:00:00,23,18.3,29.4,3.8,,,6,31.5,1014.6,
2025-09-05 00:00:00,23.3,16,32,0,,,4.8,31.5,1014.7,
2025-09-06 00:00:00,20.2,15.8,26.3,0,,,15,40.8,1019.9,
2025-09-07 00:00:00,19.8,13.4,26.6,0,,,5.9,31.5,1019.4,
2025-09-08 00:00:00,22.2,15.6,29.9,0,,,5.3,31.5,1014.7,
2025-09-09 00:00:00,22.5,16.2,28.8,0.4,,,6.1,33.3,1012.3,
2025-09-10 00:00:00,22.2,20,24.2,7.5,,,10,37,1011,
2025-09-11 00:00:00,21.2,18.7,24.2,3.6,,,7.1,33.3,1011.3,
2025-09-12 00:00:00,20.6,14,28.5,0,,,4.2,29.6,1017.5,
2025-09-13 00:00:00,22.3,15,29.5,0,,,7.8,31.5,1018.6,
2025-09-14 00:00:00,20.4,15.5,26,11.1,,,9.4,38.9,1015.4,
2025-09-15 00:00:00,19.8,12,27.8,0,,,6.2,29.6,1019.6,
2025-09-16 00:00:00,19.3,14,28.5,4.7,,,10.6,40.8,1018,
2025-09-17 00:00:00,16.4,11.7,22.7,0,,,8.3,35.2,1022.3,
2025-09-18 00:00:00,16.5,8,25.2,0,,,5.9,33.3,1025.7,
2025-09-19 00:00:00,20.1,11,29.9,0,,,5.5,29.6,1026.5,
2025-09-20 00:00:00,21.6,12.5,31,0,,,6.6,33.3,1024.3,
2025-09-21 00:00:00,22,12.6,31.7,0,,,6.9,33.3,1017.5,
2025-09-22 00:00:00,22.2,14,31.3,0,,,6.5,33.3,1013.3,
2025-09-23 00:00:00,21.1,12.6,30.4,0,,,8.9,33.3,1013.9,
2025-09-24 00:00:00,17.3,15,21.7,0.1,,,8.8,38.9,1014.8,
2025-09-25 00:00:00,17.9,14.4,23,4.6,,,7.3,33.3,1016.5,
2025-09-26 00:00:00,16.6,13.2,20.3,0.2,,,11.8,38.9,1020.9,
2025-09-27 00:00:00,15.8,11.1,20,1.8,,,9.7,35.2,1021.7,
2025-09-28 00:00:00,14.9,12,18.4,0,,,6.3,33.3,1018.4,
2025-09-29 00:00:00,13.8,9,18.2,2,,,7.4,33.3,1018,
2025-09-30 00:00:00,11.3,5.6,17,0,,,7.1,35.2,1022.2,
2025-10-01 00:00:00,11.5,8.8,16,0.3,,,7.4,37,1022.7,
2025-10-02 00:00:00,10.1,5.4,14.8,0,,,11,46.3,1022.5,
2025-10-03 00:00:00,9,4.1,13.4,0,,,13.1,50,1019.6,
2025-10-04 00:00:00,9.3,1.4,16.7,0,,,10.8,42.6,1014.9,
2025-10-05 00:00:00,10.3,9,12.4,9.1,,,9.9,42.6,1013.6,
2025-10-06 00:00:00,10.8,8.2,14,0.7,,,17.5,44.5,1017.9,
2025-10-07 00:00:00,11.7,7.9,15.4,1,,,13.3,40.8,1019.2,
2025-10-08 00:00:00,11.7,7,18.8,0,,,12.4,42.6,1019.3,
2025-10-09 00:00:00,11.7,6,16.6,0,,,8.4,38.9,1020.3,
2025-10-10 00:00:00,15.7,11,20.6,0,,,12.4,42.6,1025.6,
2025-10-11 00:00:00,14.7,9.8,18.7,0,,,12.9,44.5,1028.1,
2025-10-12 00:00:00,13.7,9,18.9,0,,,13,37,1025.7,
2025-10-13 00:00:00,12.3,8.3,16.5,0,,,11.4,37,1023.2,
2025-10-14 00:00:00,11.9,5.8,18.4,0,,,7.1,37,1022.4,
2025-10-15 00:00:00,10,5.2,15.6,0,,,5,31.5,1023.7,
2025-10-16 00:00:00,10.5,5.3,17.4,0,,,4.6,29.6,1023,
2025-10-17 00:00:00,10.1,2.1,16.7,0,,,5.1,31.5,1021.1,
2025-10-18 00:00:00,11.1,5.2,17.5,0,,,7.1,35.2,1022.6,
2025-10-19 00:00:00,7.5,0.8,15.1,0,,,5.5,33.3,1024,
2025-10-20 00:00:00,8.9,1,16.4,0,,,7.9,33.3,1015.8,
2025-10-21 00:00:00,13.6,10,19.8,0,,,7.4,33.3,1009.8,
2025-10-22 00:00:00,15.3,9,23.4,0,,,6.6,33.3,1007.5,
2025-10-23 00:00:00,17.8,14.4,23.4,1.4,,,9.5,42.6,1002.5,
2025-10-24 00:00:00,12.6,8,19,9.4,,,16.4,55.5,1004,
2025-10-25 00:00:00,11.1,5,18,0.9,,,8.5,38.9,1010.4,
2025-10-26 00:00:00,11.1,10,12.4,9.8,,,7,42.6,1006.3,
2025-10-27 00:00:00,10.5,7.6,14,0.1,,,8.7,33.3,1008,
2025-10-28 00:00:00,10.8,5,17.3,0.1,,,8.1,35.2,1013.8,
2025-10-29 00:00:00,12.1,5,21.2,0,,,8.9,35.2,1017,
2025-10-30 00:00:00,15.7,7,22.4,0,,,8.2,35.2,1014,
2025-10-31 00:00:00,16.6,10,23,0,,,6.8,35.2,1018.6,
2025-11-01 00:00:00,14.3,8,22.6,0,,,6.1,31.5,1018.9,
2025-11-02 00:00:00,15.3,8,23.1,0,,,8.5,33.3,1015.8,
2025-11-03 00:00:00,10.5,6,13.7,3.4,,,14.3,61,1018.3,
2025-11-04 00:00:00,8.3,3.4,15.3,0,,,8.4,35.2,1027.3,
2025-11-05 00:00:00,7.8,1.2,15.2,0,,,4.8,33.3,1026.3,
2025-11-06 00:00:00,8,1.2,15,0,,,6.3,33.3,1020,
2025-11-07 00:00:00,8.3,2.6,11.6,0,,,7,35.2,1017.3,
2025-11-08 00:00:00,9,6.8,10.1,2.2,,,5.2,31.5,1015,
2025-11-09 00:00:00,8.5,6.6,10.7,0,,,5.8,29.6,1018.1,
2025-11-10 00:00:00,7.5,6.3,9.2,1.9,,,7.8,35.2,1017.3,
2025-11-11 00:00:00,5.9,4.6,7.3,0,,,6,31.5,1019.8,
2025-11-12 00:00:00,6.1,4.8,7.2,0,,,5.3,31.5,1022.8,
2025-11-13 00:00:00,6.6,4.4,11.6,0,,,6.3,31.5,1023.1,
2025-11-14 00:00:00,8,2.8,17.6,0,,,6.3,31.5,1019.9,
2025-11-15 00:00:00,11.1,6.1,17.1,0,,,8.5,35.2,1015.1,
2025-11-16 00:00:00,12.4,7,20.8,0,,,9.4,35.2,1012,
2025-11-17 00:00:00,13.1,8,22.5,1.4,,,11.9,48.2,1005,
2025-11-18 00:00:00,6.5,5,8.9,1.2,,,12.7,50,1017.8,
2025-11-19 00:00:00,5.6,3,7.6,0,,,6,31.5,1015.4,
2025-11-20 00:00:00,7.3,3.4,12.2,0.8,,,7.6,35.2,1009.2,
2025-11-21 00:00:00,3.2,1.8,6,19.1,,,18.3,50,1011.4,
2025-11-22 00:00:00,0.8,0,2,8.9,,,14.2,48.2,1017.8,
2025-11-23 00:00:00,-0.2,-2,1,0,,,12.7,42.6,1019,
2025-11-24 00:00:00,1.7,-3.5,8,1.8,,,10.9,44.5,1012,
2025-11-25 00:00:00,10,7.2,13.2,7.4,,,16.1,48.2,1001.1,
2025-11-26 00:00:00,4.6,0,8.4,8.8,,,15.2,55.5,1009.2,
2025-11-27 00:00:00,2.2,0,3.8,0,,,10.2,44.5,1020.6,
2025-11-28 00:00:00,2.9,1.8,4.2,0,,,8.7,38.9,1021.4,
2025-11-29 00:00:00,2.9,2,3.5,1.7,,,6.4,38.9,1016.8,
2025-11-30 00:00:00,4.2,0.6,9.8,0,,,6.2,33.3,1015.4,
2025-12-01 00:00:00,1.2,-1.4,3.4,0,,,5.5,29.6,1020.2,
2025-12-02 00:00:00,2.7,1.6,4.5,0,,,6.7,31.5,1020.3,
2025-12-03 00:00:00,3.3,2.2,4.3,0,,,4.9,31.5,1017.9,
2025-12-04 00:00:00,4.8,2.8,7.8,6.4,,,6,42.6,1012.8,
2025-12-05 00:00:00,5.7,3.6,7.8,9.7,,,8.5,37,1009.5,
2025-12-06 00:00:00,7.4,5.5,9.4,4.6,,,4.9,35.2,1014.5,
2025-12-07 00:00:00,6.2,4.3,7.7,7.2,,,5.3,31.5,1017.6,
2025-12-08 00:00:00,5.1,1.9,8.2,0,,,5.5,31.5,1022.9,
2025-12-09 00:00:00,4.7,2,8.9,0,,,6.5,31.5,1023.9,
2025-12-10 00:00:00,4.4,-0.1,11.3,0,,,4.4,31.5,1022.2,
2025-12-11 00:00:00,2.1,0.2,3.8,0,,,5.9,37,1025.3,
2025-12-12 00:00:00,4,1.8,5.9,0,,,4.8,31.5,1026.4,
2025-12-13 00:00:00,4.1,3.5,5,0,,,5.3,29.6,1029.4,
2025-12-14 00:00:00,2.4,0.4,4,0,,,5.8,31.5,1030.3,
2025-12-15 00:00:00,1.2,0,2,0,,,6.9,35.2,1028.7,
2025-12-16 00:00:00,0.3,-0.4,1,0,,,5.3,35.2,1025.6,
2025-12-17 00:00:00,1.4,0,3.4,0,,,5,31.5,1025.1,
2025-12-18 00:00:00,4.9,0.6,9.3,0,,,5,31.5,1028.3,
2025-12-19 00:00:00,7.9,3,14.3,0,,,6.2,31.5,1026,
2025-12-20 00:00:00,5,4.3,5.8,0,,,6.4,33.3,1021.9,
2025-12-21 00:00:00,5.3,4.6,5.7,0,,,5.5,31.5,1020.1,
2025-12-22 00:00:00,4.7,2.6,5.3,0,,,6.3,35.2,1019.8,
2025-12-23 00:00:00,4.1,2,5.1,0,,,7.2,33.3,1017.5,
2025-12-24 00:00:00,3.9,3.4,4.4,10.5,,,11.8,44.5,1018.2,
2025-12-25 00:00:00,2.9,0,4.6,4.8,,,13.7,40.8,1027.9,
2025-12-26 00:00:00,1.2,-0.2,3.2,0,,,7,37,1030.6,
2025-12-27 00:00:00,1.7,-0.2,6,0,,,12.5,38.9,1027,
2025-12-28 00:00:00,1.3,-0.4,4.5,0,,,15.9,55.5,1022.9,
2025-12-29 00:00:00,0.6,-3.2,7.8,0,,,7.5,35.2,1019.3,
2025-12-30 00:00:00,-0.5,-3.4,4,0,,,13,51.8,1017.7,
2025-12-31 00:00:00,-1.6,-4.6,1.2,0,,,16.6,53.7,1020,
